{
    "setting_name": "kinect",

    "width": 1640,
    "height": 1480,
    "depth_scale": 0.001,
    "depth_min": 0.1,
    "depth_max": 10.0,
    "conv_filter_size_window": 6,

    "focal_length_x": 504.0,
    "focal_length_y": 504.0,

    "cameras": [
                
        {"camera_id": 0,
        "cam_R": [[0.2262956, -0.1830079,  0.9567123], [0.9567123,  0.2262956, -0.1830079], [-0.1830079,  0.9567123,  0.2262956]],
        "cam_T": [0, 0, 1.5]}, 

        {"camera_id": 1,
        "cam_R": [[1.0, 0, 0], [0, 0, 1.0], [0, 1.0, 0]],
        "cam_T": [0, 0, 1.5]},

        {"camera_id": 2,
        "cam_R": [[1, 0, 0], [0, 1.0, 0], [0, 0, 1.0]],
        "cam_T": [0, 0, 1.5]},

        {"camera_id": 3,
        "cam_R": [[1.0, 0, 0], [0, 1.0, 0], [0, 0, -1.0]],
        "cam_T": [0, 0, 1.5]}

    ]
}

