{
    "setting_name": "kinect",

    "width": 640,
    "height": 480,
    "depth_scale": 0.001,
    "depth_min": 0.5,
    "depth_max": 10.0,
    "conv_filter_size_window": 7,

    "focal_length_x": 504.0,
    "focal_length_y": 504.0,

    "cameras": [

        {"camera_id": 0,
        "cam_R": [[-0.70710678118, 0, -0.70710678118], [-0.70710678118, 0, 0.70710678118], [0, 1.0, 0.0]],
        "cam_T": [0, -0.2, 2.4]}, 
        
        {"camera_id": 1,
        "cam_R": [[-0.70710678118, 0, 0.70710678118], [0.70710678118, 0, 0.70710678118], [0, 1.0, 0.0]],
        "cam_T": [0, -0.2, 2.4]},
        
        {"camera_id": 2,
        "cam_R": [[-0.70710678118, 0, 0.70710678118], [-0.70710678118, 0, -0.70710678118], [0, 1.0, 0.0]],
        "cam_T": [0, -0.2, 2.4]},
        
        {"camera_id": 3,
        "cam_R": [[-0.70710678118, 0, -0.70710678118], [0.70710678118, 0, -0.70710678118], [0, 1.0, 0.0]],
        "cam_T": [0, -0.2, 2.4]}
    ]
}

